img_name,total_crown_area,biomass_kg,carbon_kg
Flora Pluas RGB,171052734.97271156,758151549.7265029,379075774.86325145
Nestor Macias RGB,153370087.7951895,665102835.6146574,332551417.8073287
Leonor Aspiazu RGB,125489999.82956539,522794418.70357764,261397209.35178882
Manuel Macias RGB,85934695.63968259,331896178.3924091,165948089.19620454
Carlos Vera Guevara RGB,85647917.35877334,330567511.458272,165283755.729136
Carlos Vera Arteaga RGB,72072650.85152534,268735224.26666677,134367612.13333338
